"","conf.low","conf.high","mean"
"1",18.1567119799418,28.9371479535743,23.4292892885057
"2",30.092329021668,57.9025736816596,43.3245044253168
"3",18.8090027839593,54.0514521915281,35.2874695317206
